report_year,report_month,canonical_group,sales_result,sales_yoy_pct,composition_curr_pct,composition_prev_pct,threshold_floor,threshold_ceiling,dept_store_sales,retail_food_index,cci_index,cpi_yoy_pct,cpi_food_yoy_pct,avg_wage_yoy_pct,unemployment_rate,twd_jpy_rate,twd_usd_rate,inbound_tourists,bsi_index,has_lunar_new_year,lunar_new_year_day,has_mid_autumn,mid_autumn_day,working_days,calendar_days,gdp_yoy_pct,private_consumption_real_yoy_pct,department_store_yoy_pct,retail_trade_yoy_pct,gift_market_sentiment_index,stock_wealth_effect_index
2021,1,GIFT_COMBINED,6707868.0,,17.2,28.4,,,2.7,100.4,66.8,1.55,1.55,1.87,3.93,0.262,28.25,23000,58.0,False,,False,,,,2.2,1.87,2.7,2.35,58.0,60.2
2021,1,GIFT_HIGH,3695132.0,63.9,9.5,14.8,760.0,5000.0,2.7,100.4,66.8,1.55,1.55,1.87,3.93,0.262,28.25,23000,58.0,False,,False,,,,2.2,1.87,2.7,2.35,58.0,60.2
2021,1,GIFT_LARGE,24652387.0,126.5,63.3,49.9,5000.0,,2.7,100.4,66.8,1.55,1.55,1.87,3.93,0.262,28.25,23000,58.0,False,,False,,,,2.2,1.87,2.7,2.35,58.0,60.2
2021,1,GIFT_LOW,3012736.0,56.6,7.7,13.6,0.0,760.0,2.7,100.4,66.8,1.55,1.55,1.87,3.93,0.262,28.25,23000,58.0,False,,False,,,,2.2,1.87,2.7,2.35,58.0,60.2
2021,2,GIFT_COMBINED,11657593.0,,38.3,16.6,,,2.9,100.8,68.6,1.9,1.9,1.94,3.96,0.264,28.5,26000,61.0,True,,False,,,,2.1,1.94,2.9,2.5,61.0,62.4
2021,2,GIFT_HIGH,5500358.0,777.1,18.1,6.0,760.0,5000.0,2.9,100.8,68.6,1.9,1.9,1.94,3.96,0.264,28.5,26000,61.0,True,,False,,,,2.1,1.94,2.9,2.5,61.0,62.4
2021,2,GIFT_LARGE,10229434.0,223.1,33.6,38.6,5000.0,,2.9,100.8,68.6,1.9,1.9,1.94,3.96,0.264,28.5,26000,61.0,True,,False,,,,2.1,1.94,2.9,2.5,61.0,62.4
2021,2,GIFT_LOW,6157235.0,486.9,20.2,10.6,0.0,760.0,2.9,100.8,68.6,1.9,1.9,1.94,3.96,0.264,28.5,26000,61.0,True,,False,,,,2.1,1.94,2.9,2.5,61.0,62.4
2021,3,GIFT_COMBINED,2730562.0,,17.4,16.5,,,3.1,101.2,70.4,2.25,2.25,1.8,3.99,0.266,28.0,29000,64.0,False,,False,,,,2.2,1.8,3.1,2.65,64.0,64.6
2021,3,GIFT_HIGH,908491.0,177.4,5.8,4.6,760.0,5000.0,3.1,101.2,70.4,2.25,2.25,1.8,3.99,0.266,28.0,29000,64.0,False,,False,,,,2.2,1.8,3.1,2.65,64.0,64.6
2021,3,GIFT_LARGE,5787729.0,148.2,36.9,34.9,5000.0,,3.1,101.2,70.4,2.25,2.25,1.8,3.99,0.266,28.0,29000,64.0,False,,False,,,,2.2,1.8,3.1,2.65,64.0,64.6
2021,3,GIFT_LOW,1822071.0,136.5,11.6,11.9,0.0,760.0,3.1,101.2,70.4,2.25,2.25,1.8,3.99,0.266,28.0,29000,64.0,False,,False,,,,2.2,1.8,3.1,2.65,64.0,64.6
2021,4,GIFT_COMBINED,2706349.0,,15.7,13.3,,,2.5,101.6,72.2,2.6,2.6,1.87,3.9,0.26,28.25,32000,67.0,False,,False,,,,2.1,1.87,2.5,2.8,67.0,66.8
2021,4,GIFT_HIGH,896731.0,167.2,5.2,4.1,760.0,5000.0,2.5,101.6,72.2,2.6,2.6,1.87,3.9,0.26,28.25,32000,67.0,False,,False,,,,2.1,1.87,2.5,2.8,67.0,66.8
2021,4,GIFT_LARGE,6729359.0,124.6,39.2,41.5,5000.0,,2.5,101.6,72.2,2.6,2.6,1.87,3.9,0.26,28.25,32000,67.0,False,,False,,,,2.1,1.87,2.5,2.8,67.0,66.8
2021,4,GIFT_LOW,1809618.0,151.9,10.5,9.2,0.0,760.0,2.5,101.6,72.2,2.6,2.6,1.87,3.9,0.26,28.25,32000,67.0,False,,False,,,,2.1,1.87,2.5,2.8,67.0,66.8
2021,5,GIFT_COMBINED,2288411.0,,20.3,18.4,,,2.7,102.0,74.0,1.2,1.2,1.94,3.93,0.262,28.5,35000,70.0,False,,False,,,,2.2,1.94,2.7,2.2,70.0,69.0
2021,5,GIFT_HIGH,768713.0,101.4,6.8,5.5,760.0,5000.0,2.7,102.0,74.0,1.2,1.2,1.94,3.93,0.262,28.5,35000,70.0,False,,False,,,,2.2,1.94,2.7,2.2,70.0,69.0
2021,5,GIFT_LARGE,4758391.0,118.7,42.2,28.9,5000.0,,2.7,102.0,74.0,1.2,1.2,1.94,3.93,0.262,28.5,35000,70.0,False,,False,,,,2.2,1.94,2.7,2.2,70.0,69.0
2021,5,GIFT_LOW,1519698.0,84.9,13.5,12.9,0.0,760.0,2.7,102.0,74.0,1.2,1.2,1.94,3.93,0.262,28.5,35000,70.0,False,,False,,,,2.2,1.94,2.7,2.2,70.0,69.0
2021,6,GIFT_COMBINED,2407643.0,,36.8,18.1,,,2.9,102.4,65.0,1.55,1.55,1.8,3.96,0.264,28.0,38000,55.0,False,,False,,,,2.1,1.8,2.9,2.35,55.0,71.2
2021,6,GIFT_HIGH,852070.0,84.3,13.0,5.6,760.0,5000.0,2.9,102.4,65.0,1.55,1.55,1.8,3.96,0.264,28.0,38000,55.0,False,,False,,,,2.1,1.8,2.9,2.35,55.0,71.2
2021,6,GIFT_LARGE,2101129.0,29.1,32.1,40.2,5000.0,,2.9,102.4,65.0,1.55,1.55,1.8,3.96,0.264,28.0,38000,55.0,False,,False,,,,2.1,1.8,2.9,2.35,55.0,71.2
2021,6,GIFT_LOW,1555573.0,69.3,23.8,12.5,0.0,760.0,2.9,102.4,65.0,1.55,1.55,1.8,3.96,0.264,28.0,38000,55.0,False,,False,,,,2.1,1.8,2.9,2.35,55.0,71.2
2021,7,GIFT_COMBINED,2705132.0,,28.7,18.9,,,3.1,102.8,66.8,1.9,1.9,1.87,3.99,0.266,28.25,41000,58.0,False,,False,,,,2.2,1.87,3.1,2.5,58.0,58.0
2021,7,GIFT_HIGH,855383.0,83.4,9.1,5.6,760.0,5000.0,3.1,102.8,66.8,1.9,1.9,1.87,3.99,0.266,28.25,41000,58.0,False,,False,,,,2.2,1.87,3.1,2.5,58.0,58.0
2021,7,GIFT_LARGE,4190605.0,63.3,44.3,36.3,5000.0,,3.1,102.8,66.8,1.9,1.9,1.87,3.99,0.266,28.25,41000,58.0,False,,False,,,,2.2,1.87,3.1,2.5,58.0,58.0
2021,7,GIFT_LOW,1849749.0,76.1,19.6,13.3,0.0,760.0,3.1,102.8,66.8,1.9,1.9,1.87,3.99,0.266,28.25,41000,58.0,False,,False,,,,2.2,1.87,3.1,2.5,58.0,58.0
2021,8,GIFT_COMBINED,3854265.0,,17.1,18.9,,,2.5,103.2,68.6,2.25,2.25,1.94,3.9,0.26,28.5,44000,61.0,False,,False,,,,2.1,1.94,2.5,2.65,61.0,60.2
2021,8,GIFT_HIGH,1312309.0,118.0,5.8,6.5,760.0,5000.0,2.5,103.2,68.6,2.25,2.25,1.94,3.9,0.26,28.5,44000,61.0,False,,False,,,,2.1,1.94,2.5,2.65,61.0,60.2
2021,8,GIFT_LARGE,13236335.0,224.8,58.9,34.5,5000.0,,2.5,103.2,68.6,2.25,2.25,1.94,3.9,0.26,28.5,44000,61.0,False,,False,,,,2.1,1.94,2.5,2.65,61.0,60.2
2021,8,GIFT_LOW,2541956.0,119.7,11.3,12.4,0.0,760.0,2.5,103.2,68.6,2.25,2.25,1.94,3.9,0.26,28.5,44000,61.0,False,,False,,,,2.1,1.94,2.5,2.65,61.0,60.2
2021,9,GIFT_COMBINED,11734371.0,,23.5,19.8,,,2.7,103.6,70.4,2.6,2.6,1.8,3.93,0.262,28.0,47000,64.0,False,,True,,,,2.2,1.8,2.7,2.8,64.0,62.4
2021,9,GIFT_HIGH,4243223.0,116.4,8.5,7.6,760.0,5000.0,2.7,103.6,70.4,2.6,2.6,1.8,3.93,0.262,28.0,47000,64.0,False,,True,,,,2.2,1.8,2.7,2.8,64.0,62.4
2021,9,GIFT_LARGE,32976323.0,106.6,65.9,64.5,5000.0,,2.7,103.6,70.4,2.6,2.6,1.8,3.93,0.262,28.0,47000,64.0,False,,True,,,,2.2,1.8,2.7,2.8,64.0,62.4
2021,9,GIFT_LOW,7491148.0,127.9,15.0,12.2,0.0,760.0,2.7,103.6,70.4,2.6,2.6,1.8,3.93,0.262,28.0,47000,64.0,False,,True,,,,2.2,1.8,2.7,2.8,64.0,62.4
2021,10,GIFT_COMBINED,3542533.0,,16.3,12.3,,,2.9,104.0,72.2,1.2,1.2,1.87,3.96,0.264,28.25,50000,67.0,False,,False,,,,2.1,1.87,2.9,2.2,67.0,64.6
2021,10,GIFT_HIGH,1154617.0,115.5,5.3,3.5,760.0,5000.0,2.9,104.0,72.2,1.2,1.2,1.87,3.96,0.264,28.25,50000,67.0,False,,False,,,,2.1,1.87,2.9,2.2,67.0,64.6
2021,10,GIFT_LARGE,10491369.0,61.1,48.5,59.7,5000.0,,2.9,104.0,72.2,1.2,1.2,1.87,3.96,0.264,28.25,50000,67.0,False,,False,,,,2.1,1.87,2.9,2.2,67.0,64.6
2021,10,GIFT_LOW,2387916.0,94.5,11.0,8.8,0.0,760.0,2.9,104.0,72.2,1.2,1.2,1.87,3.96,0.264,28.25,50000,67.0,False,,False,,,,2.1,1.87,2.9,2.2,67.0,64.6
2021,11,GIFT_COMBINED,3750427.0,,13.6,11.8,,,3.1,104.4,74.0,1.55,1.55,1.94,3.99,0.266,28.5,53000,70.0,False,,False,,,,2.2,1.94,3.1,2.35,70.0,66.8
2021,11,GIFT_HIGH,1633652.0,174.0,5.9,3.8,760.0,5000.0,3.1,104.4,74.0,1.55,1.55,1.94,3.99,0.266,28.5,53000,70.0,False,,False,,,,2.2,1.94,3.1,2.35,70.0,66.8
2021,11,GIFT_LARGE,15461710.0,115.7,56.3,54.0,5000.0,,3.1,104.4,74.0,1.55,1.55,1.94,3.99,0.266,28.5,53000,70.0,False,,False,,,,2.2,1.94,3.1,2.35,70.0,66.8
2021,11,GIFT_LOW,2116775.0,107.2,7.7,8.0,0.0,760.0,3.1,104.4,74.0,1.55,1.55,1.94,3.99,0.266,28.5,53000,70.0,False,,False,,,,2.2,1.94,3.1,2.35,70.0,66.8
2021,12,GIFT_COMBINED,7824550.0,,21.8,21.4,,,2.5,104.8,65.0,1.9,1.9,1.8,3.9,0.26,28.0,56000,55.0,False,,False,,,,2.1,1.8,2.5,2.5,55.0,69.0
2021,12,GIFT_HIGH,3733037.0,199.4,10.4,6.8,760.0,5000.0,2.5,104.8,65.0,1.9,1.9,1.8,3.9,0.26,28.0,56000,55.0,False,,False,,,,2.1,1.8,2.5,2.5,55.0,69.0
2021,12,GIFT_LARGE,19276867.0,146.4,53.5,48.0,5000.0,,2.5,104.8,65.0,1.9,1.9,1.8,3.9,0.26,28.0,56000,55.0,False,,False,,,,2.1,1.8,2.5,2.5,55.0,69.0
2021,12,GIFT_LOW,4091513.0,102.6,11.4,14.6,0.0,760.0,2.5,104.8,65.0,1.9,1.9,1.8,3.9,0.26,28.0,56000,55.0,False,,False,,,,2.1,1.8,2.5,2.5,55.0,69.0
2022,1,GIFT_COMBINED,13922308.0,,24.3,16.8,,,2.95,102.9,67.5,1.55,1.55,2.05,3.85,0.263,28.45,173000,60.0,False,,False,,,,2.4,2.05,2.95,2.57,60.0,61.7
2022,1,GIFT_HIGH,7851338.0,218.8,13.7,9.2,760.0,5000.0,2.95,102.9,67.5,1.55,1.55,2.05,3.85,0.263,28.45,173000,60.0,False,,False,,,,2.4,2.05,2.95,2.57,60.0,61.7
2022,1,GIFT_LARGE,36521853.0,147.2,63.6,63.7,5000.0,,2.95,102.9,67.5,1.55,1.55,2.05,3.85,0.263,28.45,173000,60.0,False,,False,,,,2.4,2.05,2.95,2.57,60.0,61.7
2022,1,GIFT_LOW,6070970.0,205.0,10.6,7.6,0.0,760.0,2.95,102.9,67.5,1.55,1.55,2.05,3.85,0.263,28.45,173000,60.0,False,,False,,,,2.4,2.05,2.95,2.57,60.0,61.7
2022,2,GIFT_COMBINED,3898874.0,,24.5,36.3,,,3.15,103.3,69.3,1.9,1.9,2.12,3.88,0.265,28.7,176000,63.0,True,,False,,,,2.3,2.12,3.15,2.72,63.0,63.9
2022,2,GIFT_HIGH,1863054.0,31.7,11.7,19.4,760.0,5000.0,3.15,103.3,69.3,1.9,1.9,2.12,3.88,0.265,28.7,176000,63.0,True,,False,,,,2.3,2.12,3.15,2.72,63.0,63.9
2022,2,GIFT_LARGE,5793081.0,53.4,36.4,35.7,5000.0,,3.15,103.3,69.3,1.9,1.9,2.12,3.88,0.265,28.7,176000,63.0,True,,False,,,,2.3,2.12,3.15,2.72,63.0,63.9
2022,2,GIFT_LOW,2035820.0,39.5,12.8,16.9,0.0,760.0,3.15,103.3,69.3,1.9,1.9,2.12,3.88,0.265,28.7,176000,63.0,True,,False,,,,2.3,2.12,3.15,2.72,63.0,63.9
2022,3,GIFT_COMBINED,3710859.0,,21.2,17.2,,,3.35,103.7,71.1,2.25,2.25,1.98,3.91,0.267,28.2,179000,66.0,False,,False,,,,2.4,1.98,3.35,2.87,66.0,66.1
2022,3,GIFT_HIGH,1797382.0,187.7,10.3,6.1,760.0,5000.0,3.35,103.7,71.1,2.25,2.25,1.98,3.91,0.267,28.2,179000,66.0,False,,False,,,,2.4,1.98,3.35,2.87,66.0,66.1
2022,3,GIFT_LARGE,6858346.0,117.8,39.2,37.1,5000.0,,3.35,103.7,71.1,2.25,2.25,1.98,3.91,0.267,28.2,179000,66.0,False,,False,,,,2.4,1.98,3.35,2.87,66.0,66.1
2022,3,GIFT_LOW,1913477.0,110.1,10.9,11.1,0.0,760.0,3.35,103.7,71.1,2.25,2.25,1.98,3.91,0.267,28.2,179000,66.0,False,,False,,,,2.4,1.98,3.35,2.87,66.0,66.1
2022,4,GIFT_COMBINED,3225888.0,,18.5,15.5,,,2.75,104.1,72.9,2.6,2.6,2.05,3.82,0.261,28.45,182000,69.0,False,,False,,,,2.3,2.05,2.75,3.02,69.0,68.3
2022,4,GIFT_HIGH,1742374.0,202.8,10.0,5.0,760.0,5000.0,2.75,104.1,72.9,2.6,2.6,2.05,3.82,0.261,28.45,182000,69.0,False,,False,,,,2.3,2.05,2.75,3.02,69.0,68.3
2022,4,GIFT_LARGE,9000403.0,132.9,51.8,39.5,5000.0,,2.75,104.1,72.9,2.6,2.6,2.05,3.82,0.261,28.45,182000,69.0,False,,False,,,,2.3,2.05,2.75,3.02,69.0,68.3
2022,4,GIFT_LOW,1483514.0,82.2,8.5,10.5,0.0,760.0,2.75,104.1,72.9,2.6,2.6,2.05,3.82,0.261,28.45,182000,69.0,False,,False,,,,2.3,2.05,2.75,3.02,69.0,68.3
2022,5,GIFT_COMBINED,3223491.0,,22.8,18.2,,,2.95,104.5,74.7,1.2,1.2,2.12,3.85,0.263,28.7,185000,72.0,False,,False,,,,2.4,2.12,2.95,2.42,72.0,70.5
2022,5,GIFT_HIGH,1515970.0,279.6,10.7,4.9,760.0,5000.0,2.95,104.5,74.7,1.2,1.2,2.12,3.85,0.263,28.7,185000,72.0,False,,False,,,,2.4,2.12,2.95,2.42,72.0,70.5
2022,5,GIFT_LARGE,6726856.0,135.0,47.6,44.6,5000.0,,2.95,104.5,74.7,1.2,1.2,2.12,3.85,0.263,28.7,185000,72.0,False,,False,,,,2.4,2.12,2.95,2.42,72.0,70.5
2022,5,GIFT_LOW,1707521.0,115.0,12.1,13.3,0.0,760.0,2.95,104.5,74.7,1.2,1.2,2.12,3.85,0.263,28.7,185000,72.0,False,,False,,,,2.4,2.12,2.95,2.42,72.0,70.5
2022,6,GIFT_COMBINED,4147447.0,,23.5,28.4,,,3.15,104.9,65.7,1.55,1.55,1.98,3.88,0.265,28.2,188000,57.0,False,,False,,,,2.3,1.98,3.15,2.57,57.0,72.7
2022,6,GIFT_HIGH,1855373.0,582.7,10.5,4.9,760.0,5000.0,3.15,104.9,65.7,1.55,1.55,1.98,3.88,0.265,28.2,188000,57.0,False,,False,,,,2.3,1.98,3.15,2.57,57.0,72.7
2022,6,GIFT_LARGE,8126691.0,317.5,46.0,39.3,5000.0,,3.15,104.9,65.7,1.55,1.55,1.98,3.88,0.265,28.2,188000,57.0,False,,False,,,,2.3,1.98,3.15,2.57,57.0,72.7
2022,6,GIFT_LOW,2292074.0,149.5,13.0,23.5,0.0,760.0,3.15,104.9,65.7,1.55,1.55,1.98,3.88,0.265,28.2,188000,57.0,False,,False,,,,2.3,1.98,3.15,2.57,57.0,72.7
2022,7,GIFT_COMBINED,5237816.0,,24.3,25.0,,,3.35,105.3,67.5,1.9,1.9,2.05,3.91,0.267,28.45,191000,60.0,False,,False,,,,2.4,2.05,3.35,2.72,60.0,59.5
2022,7,GIFT_HIGH,2415966.0,477.4,11.2,5.4,760.0,5000.0,3.35,105.3,67.5,1.9,1.9,2.05,3.91,0.267,28.45,191000,60.0,False,,False,,,,2.4,2.05,3.35,2.72,60.0,59.5
2022,7,GIFT_LARGE,9560014.0,210.5,44.5,48.1,5000.0,,3.35,105.3,67.5,1.9,1.9,2.05,3.91,0.267,28.45,191000,60.0,False,,False,,,,2.4,2.05,3.35,2.72,60.0,59.5
2022,7,GIFT_LOW,2821850.0,152.6,13.1,19.6,0.0,760.0,3.35,105.3,67.5,1.9,1.9,2.05,3.91,0.267,28.45,191000,60.0,False,,False,,,,2.4,2.05,3.35,2.72,60.0,59.5
2022,8,GIFT_COMBINED,8752756.0,,18.9,16.4,,,2.75,105.7,69.3,2.25,2.25,2.12,3.82,0.261,28.7,194000,63.0,False,,False,,,,2.3,2.12,2.75,2.87,63.0,61.7
2022,8,GIFT_HIGH,5226927.0,460.9,11.3,5.1,760.0,5000.0,2.75,105.7,69.3,2.25,2.25,2.12,3.82,0.261,28.7,194000,63.0,False,,False,,,,2.3,2.12,2.75,2.87,63.0,61.7
2022,8,GIFT_LARGE,30589909.0,228.0,66.1,59.7,5000.0,,2.75,105.7,69.3,2.25,2.25,2.12,3.82,0.261,28.7,194000,63.0,False,,False,,,,2.3,2.12,2.75,2.87,63.0,61.7
2022,8,GIFT_LOW,3525829.0,138.7,7.6,11.3,0.0,760.0,2.75,105.7,69.3,2.25,2.25,2.12,3.82,0.261,28.7,194000,63.0,False,,False,,,,2.3,2.12,2.75,2.87,63.0,61.7
2022,9,GIFT_COMBINED,10971011.0,,26.9,22.6,,,2.95,106.1,71.1,2.6,2.6,1.98,3.85,0.263,28.2,197000,66.0,False,,True,,,,2.4,1.98,2.95,3.02,66.0,63.9
2022,9,GIFT_HIGH,6272199.0,165.0,15.4,7.6,760.0,5000.0,2.95,106.1,71.1,2.6,2.6,1.98,3.85,0.263,28.2,197000,66.0,False,,True,,,,2.4,1.98,2.95,3.02,66.0,63.9
2022,9,GIFT_LARGE,23695102.0,70.9,58.1,66.8,5000.0,,2.95,106.1,71.1,2.6,2.6,1.98,3.85,0.263,28.2,197000,66.0,False,,True,,,,2.4,1.98,2.95,3.02,66.0,63.9
2022,9,GIFT_LOW,4698812.0,62.7,11.5,15.0,0.0,760.0,2.95,106.1,71.1,2.6,2.6,1.98,3.85,0.263,28.2,197000,66.0,False,,True,,,,2.4,1.98,2.95,3.02,66.0,63.9
2022,10,GIFT_COMBINED,3880090.0,,17.8,14.8,,,3.15,106.5,72.9,1.2,1.2,2.05,3.88,0.265,28.45,200000,69.0,False,,False,,,,2.3,2.05,3.15,2.42,69.0,66.1
2022,10,GIFT_HIGH,1459766.0,177.0,6.7,3.8,760.0,5000.0,3.15,106.5,72.9,1.2,1.2,2.05,3.88,0.265,28.45,200000,69.0,False,,False,,,,2.3,2.05,3.15,2.42,69.0,66.1
2022,10,GIFT_LARGE,11257618.0,104.0,51.4,50.0,5000.0,,3.15,106.5,72.9,1.2,1.2,2.05,3.88,0.265,28.45,200000,69.0,False,,False,,,,2.3,2.05,3.15,2.42,69.0,66.1
2022,10,GIFT_LOW,2420324.0,101.4,11.1,11.0,0.0,760.0,3.15,106.5,72.9,1.2,1.2,2.05,3.88,0.265,28.45,200000,69.0,False,,False,,,,2.3,2.05,3.15,2.42,69.0,66.1
2022,11,GIFT_COMBINED,4119794.0,,14.7,13.5,,,3.35,106.9,74.7,1.55,1.55,2.12,3.91,0.267,28.7,203000,72.0,False,,False,,,,2.4,2.12,3.35,2.57,72.0,68.3
2022,11,GIFT_HIGH,1937405.0,122.0,6.9,5.8,760.0,5000.0,3.35,106.9,74.7,1.55,1.55,2.12,3.91,0.267,28.7,203000,72.0,False,,False,,,,2.4,2.12,3.35,2.57,72.0,68.3
2022,11,GIFT_LARGE,16144595.0,104.1,57.6,56.4,5000.0,,3.35,106.9,74.7,1.55,1.55,2.12,3.91,0.267,28.7,203000,72.0,False,,False,,,,2.4,2.12,3.35,2.57,72.0,68.3
2022,11,GIFT_LOW,2182389.0,103.1,7.8,7.7,0.0,760.0,3.35,106.9,74.7,1.55,1.55,2.12,3.91,0.267,28.7,203000,72.0,False,,False,,,,2.4,2.12,3.35,2.57,72.0,68.3
2022,12,GIFT_COMBINED,7914324.0,,18.8,20.0,,,2.75,107.3,65.7,1.9,1.9,1.98,3.82,0.261,28.2,206000,57.0,False,,False,,,,2.3,1.98,2.75,2.72,57.0,70.5
2022,12,GIFT_HIGH,3950725.0,127.7,9.4,8.6,760.0,5000.0,2.75,107.3,65.7,1.9,1.9,1.98,3.82,0.261,28.2,206000,57.0,False,,False,,,,2.3,1.98,2.75,2.72,57.0,70.5
2022,12,GIFT_LARGE,25373539.0,127.4,60.4,55.3,5000.0,,2.75,107.3,65.7,1.9,1.9,1.98,3.82,0.261,28.2,206000,57.0,False,,False,,,,2.3,1.98,2.75,2.72,57.0,70.5
2022,12,GIFT_LOW,3963599.0,96.9,9.4,11.4,0.0,760.0,2.75,107.3,65.7,1.9,1.9,1.98,3.82,0.261,28.2,206000,57.0,False,,False,,,,2.3,1.98,2.75,2.72,57.0,70.5
2023,1,GIFT_COMBINED,19879047.0,,34.5,22.8,,,3.2,105.4,68.2,1.55,1.55,2.23,3.77,0.264,28.65,323000,62.0,True,,False,,,,2.6,2.23,3.2,2.79,62.0,63.2
2023,1,GIFT_HIGH,11695519.0,241.1,20.3,8.5,850.0,5000.0,3.2,105.4,68.2,1.55,1.55,2.23,3.77,0.264,28.65,323000,62.0,True,,False,,,,2.6,2.23,3.2,2.79,62.0,63.2
2023,1,GIFT_LARGE,28738480.0,76.8,49.8,65.2,5000.0,,3.2,105.4,68.2,1.55,1.55,2.23,3.77,0.264,28.65,323000,62.0,True,,False,,,,2.6,2.23,3.2,2.79,62.0,63.2
2023,1,GIFT_LOW,8183528.0,100.0,14.2,14.3,0.0,850.0,3.2,105.4,68.2,1.55,1.55,2.23,3.77,0.264,28.65,323000,62.0,True,,False,,,,2.6,2.23,3.2,2.79,62.0,63.2
2023,2,GIFT_COMBINED,3738233.0,,25.3,23.5,,,3.4,105.8,70.0,1.9,1.9,2.3,3.8,0.266,28.9,326000,65.0,False,,False,,,,2.5,2.3,3.4,2.94,65.0,65.4
2023,2,GIFT_HIGH,1701367.0,143.6,11.5,7.4,850.0,5000.0,3.4,105.8,70.0,1.9,1.9,2.3,3.8,0.266,28.9,326000,65.0,False,,False,,,,2.5,2.3,3.4,2.94,65.0,65.4
2023,2,GIFT_LARGE,4638294.0,78.0,31.3,37.4,5000.0,,3.4,105.8,70.0,1.9,1.9,2.3,3.8,0.266,28.9,326000,65.0,False,,False,,,,2.5,2.3,3.4,2.94,65.0,65.4
2023,2,GIFT_LOW,2036866.0,79.7,13.8,16.1,0.0,850.0,3.4,105.8,70.0,1.9,1.9,2.3,3.8,0.266,28.9,326000,65.0,False,,False,,,,2.5,2.3,3.4,2.94,65.0,65.4
2023,3,GIFT_COMBINED,3409627.0,,23.9,20.7,,,3.6,106.2,71.8,2.25,2.25,2.16,3.83,0.268,28.4,329000,68.0,False,,False,,,,2.6,2.16,3.6,3.09,68.0,67.6
2023,3,GIFT_HIGH,1281186.0,95.1,9.0,7.7,850.0,5000.0,3.6,106.2,71.8,2.25,2.25,2.16,3.83,0.268,28.4,329000,68.0,False,,False,,,,2.6,2.16,3.6,3.09,68.0,67.6
2023,3,GIFT_LARGE,4366893.0,62.8,30.6,39.8,5000.0,,3.6,106.2,71.8,2.25,2.25,2.16,3.83,0.268,28.4,329000,68.0,False,,False,,,,2.6,2.16,3.6,3.09,68.0,67.6
2023,3,GIFT_LOW,2128441.0,93.9,14.9,13.0,0.0,850.0,3.6,106.2,71.8,2.25,2.25,2.16,3.83,0.268,28.4,329000,68.0,False,,False,,,,2.6,2.16,3.6,3.09,68.0,67.6
2023,4,GIFT_COMBINED,3092400.0,,16.8,15.5,,,3.0,106.6,73.6,2.6,2.6,2.23,3.74,0.262,28.65,332000,71.0,False,,False,,,,2.5,2.23,3.0,3.24,71.0,69.8
2023,4,GIFT_HIGH,1154695.0,120.3,6.3,5.5,850.0,5000.0,3.0,106.6,73.6,2.6,2.6,2.23,3.74,0.262,28.65,332000,71.0,False,,False,,,,2.5,2.23,3.0,3.24,71.0,69.8
2023,4,GIFT_LARGE,8022194.0,84.2,43.6,54.8,5000.0,,3.0,106.6,73.6,2.6,2.6,2.23,3.74,0.262,28.65,332000,71.0,False,,False,,,,2.5,2.23,3.0,3.24,71.0,69.8
2023,4,GIFT_LOW,1937705.0,111.4,10.5,10.0,0.0,850.0,3.0,106.6,73.6,2.6,2.6,2.23,3.74,0.262,28.65,332000,71.0,False,,False,,,,2.5,2.23,3.0,3.24,71.0,69.8
2023,5,GIFT_COMBINED,3915848.0,,23.7,21.6,,,3.2,107.0,75.4,1.2,1.2,2.3,3.77,0.264,28.9,335000,74.0,False,,False,,,,2.6,2.3,3.2,2.64,74.0,72.0
2023,5,GIFT_HIGH,1452576.0,141.1,8.8,7.3,850.0,5000.0,3.2,107.0,75.4,1.2,1.2,2.3,3.77,0.264,28.9,335000,74.0,False,,False,,,,2.6,2.3,3.2,2.64,74.0,72.0
2023,5,GIFT_LARGE,5693221.0,82.6,34.4,48.8,5000.0,,3.2,107.0,75.4,1.2,1.2,2.3,3.77,0.264,28.9,335000,74.0,False,,False,,,,2.6,2.3,3.2,2.64,74.0,72.0
2023,5,GIFT_LOW,2463272.0,121.6,14.9,14.3,0.0,850.0,3.2,107.0,75.4,1.2,1.2,2.3,3.77,0.264,28.9,335000,74.0,False,,False,,,,2.6,2.3,3.2,2.64,74.0,72.0
2023,6,GIFT_COMBINED,5974140.0,,29.2,22.1,,,3.4,107.4,66.4,1.55,1.55,2.16,3.8,0.266,28.4,338000,59.0,False,,False,,,,2.5,2.16,3.4,2.79,59.0,74.2
2023,6,GIFT_HIGH,2145747.0,173.5,10.5,7.0,850.0,5000.0,3.4,107.4,66.4,1.55,1.55,2.16,3.8,0.266,28.4,338000,59.0,False,,False,,,,2.5,2.16,3.4,2.79,59.0,74.2
2023,6,GIFT_LARGE,7650400.0,92.0,37.3,47.4,5000.0,,3.4,107.4,66.4,1.55,1.55,2.16,3.8,0.266,28.4,338000,59.0,False,,False,,,,2.5,2.16,3.4,2.79,59.0,74.2
2023,6,GIFT_LOW,3828393.0,144.1,18.7,15.1,0.0,850.0,3.4,107.4,66.4,1.55,1.55,2.16,3.8,0.266,28.4,338000,59.0,False,,False,,,,2.5,2.16,3.4,2.79,59.0,74.2
2023,7,GIFT_COMBINED,4569454.0,,25.4,23.4,,,3.6,107.8,68.2,1.9,1.9,2.23,3.83,0.268,28.65,341000,62.0,False,,False,,,,2.6,2.23,3.6,2.94,62.0,61.0
2023,7,GIFT_HIGH,1781196.0,81.0,9.9,10.2,850.0,5000.0,3.6,107.8,68.2,1.9,1.9,2.23,3.83,0.268,28.65,341000,62.0,False,,False,,,,2.6,2.23,3.6,2.94,62.0,61.0
2023,7,GIFT_LARGE,7045325.0,72.1,39.1,45.5,5000.0,,3.6,107.8,68.2,1.9,1.9,2.23,3.83,0.268,28.65,341000,62.0,False,,False,,,,2.6,2.23,3.6,2.94,62.0,61.0
2023,7,GIFT_LOW,2788258.0,98.6,15.5,13.2,0.0,850.0,3.6,107.8,68.2,1.9,1.9,2.23,3.83,0.268,28.65,341000,62.0,False,,False,,,,2.6,2.23,3.6,2.94,62.0,61.0
2023,8,GIFT_COMBINED,5208412.0,,19.7,17.1,,,3.0,108.2,70.0,2.25,2.25,2.3,3.74,0.262,28.9,344000,65.0,False,,False,,,,2.5,2.3,3.0,3.09,65.0,63.2
2023,8,GIFT_HIGH,2456297.0,56.1,9.3,9.5,850.0,5000.0,3.0,108.2,70.0,2.25,2.25,2.3,3.74,0.262,28.9,344000,65.0,False,,False,,,,2.5,2.3,3.0,3.09,65.0,63.2
2023,8,GIFT_LARGE,14264578.0,45.4,54.0,68.0,5000.0,,3.0,108.2,70.0,2.25,2.25,2.3,3.74,0.262,28.9,344000,65.0,False,,False,,,,2.5,2.3,3.0,3.09,65.0,63.2
2023,8,GIFT_LOW,2752115.0,78.1,10.4,7.6,0.0,850.0,3.0,108.2,70.0,2.25,2.25,2.3,3.74,0.262,28.9,344000,65.0,False,,False,,,,2.5,2.3,3.0,3.09,65.0,63.2
2023,9,GIFT_COMBINED,15575248.0,,25.1,24.5,,,3.2,108.6,71.8,2.6,2.6,2.16,3.77,0.264,28.4,347000,68.0,False,,True,,,,2.6,2.16,3.2,3.24,68.0,65.4
2023,9,GIFT_HIGH,8212835.0,155.5,13.2,13.0,850.0,5000.0,3.2,108.6,71.8,2.6,2.6,2.16,3.77,0.264,28.4,347000,68.0,False,,True,,,,2.6,2.16,3.2,3.24,68.0,65.4
2023,9,GIFT_LARGE,39784493.0,161.2,64.2,60.5,5000.0,,3.2,108.6,71.8,2.6,2.6,2.16,3.77,0.264,28.4,347000,68.0,False,,True,,,,2.6,2.16,3.2,3.24,68.0,65.4
2023,9,GIFT_LOW,7362413.0,156.6,11.9,11.5,0.0,850.0,3.2,108.6,71.8,2.6,2.6,2.16,3.77,0.264,28.4,347000,68.0,False,,True,,,,2.6,2.16,3.2,3.24,68.0,65.4
2023,10,GIFT_COMBINED,4631764.0,,20.5,17.3,,,3.4,109.0,73.6,1.2,1.2,2.23,3.8,0.266,28.65,350000,71.0,False,,False,,,,2.5,2.23,3.4,2.64,71.0,67.6
2023,10,GIFT_HIGH,1601229.0,134.7,7.1,5.4,850.0,5000.0,3.4,109.0,73.6,1.2,1.2,2.23,3.8,0.266,28.65,350000,71.0,False,,False,,,,2.5,2.23,3.4,2.64,71.0,67.6
2023,10,GIFT_LARGE,11530646.0,101.7,51.1,51.8,5000.0,,3.4,109.0,73.6,1.2,1.2,2.23,3.8,0.266,28.65,350000,71.0,False,,False,,,,2.5,2.23,3.4,2.64,71.0,67.6
2023,10,GIFT_LOW,3030535.0,115.9,13.4,11.9,0.0,850.0,3.4,109.0,73.6,1.2,1.2,2.23,3.8,0.266,28.65,350000,71.0,False,,False,,,,2.5,2.23,3.4,2.64,71.0,67.6
2023,11,GIFT_COMBINED,5262469.0,,18.2,14.3,,,3.6,109.4,75.4,1.55,1.55,2.3,3.83,0.268,28.9,353000,74.0,False,,False,,,,2.6,2.3,3.6,2.79,74.0,69.8
2023,11,GIFT_HIGH,2224412.0,124.6,7.7,6.4,850.0,5000.0,3.6,109.4,75.4,1.55,1.55,2.3,3.83,0.268,28.9,353000,74.0,False,,False,,,,2.6,2.3,3.6,2.79,74.0,69.8
2023,11,GIFT_LARGE,17073683.0,105.0,59.2,58.0,5000.0,,3.6,109.4,75.4,1.55,1.55,2.3,3.83,0.268,28.9,353000,74.0,False,,False,,,,2.6,2.3,3.6,2.79,74.0,69.8
2023,11,GIFT_LOW,3038057.0,136.6,10.5,7.9,0.0,850.0,3.6,109.4,75.4,1.55,1.55,2.3,3.83,0.268,28.9,353000,74.0,False,,False,,,,2.6,2.3,3.6,2.79,74.0,69.8
2023,12,GIFT_COMBINED,8915475.0,,27.0,17.3,,,3.0,109.8,66.4,1.9,1.9,2.16,3.74,0.262,28.4,356000,59.0,False,,False,,,,2.5,2.16,3.0,2.94,59.0,72.0
2023,12,GIFT_HIGH,3863955.0,116.6,11.7,7.9,850.0,5000.0,3.0,109.8,66.4,1.9,1.9,2.16,3.74,0.262,28.4,356000,59.0,False,,False,,,,2.5,2.16,3.0,2.94,59.0,72.0
2023,12,GIFT_LARGE,16718311.0,64.3,50.6,61.9,5000.0,,3.0,109.8,66.4,1.9,1.9,2.16,3.74,0.262,28.4,356000,59.0,False,,False,,,,2.5,2.16,3.0,2.94,59.0,72.0
2023,12,GIFT_LOW,5051520.0,127.4,15.3,9.4,0.0,850.0,3.0,109.8,66.4,1.9,1.9,2.16,3.74,0.262,28.4,356000,59.0,False,,False,,,,2.5,2.16,3.0,2.94,59.0,72.0
2024,1,GIFT_COMBINED,11061435.0,,19.1,32.3,,,3.45,107.9,68.9,1.55,1.55,2.41,3.69,0.265,28.85,473000,64.0,False,,False,,,,2.8,2.41,3.45,3.01,64.0,64.7
2024,1,GIFT_HIGH,6099317.0,59.4,10.5,18.0,900.0,5000.0,3.45,107.9,68.9,1.55,1.55,2.41,3.69,0.265,28.85,473000,64.0,False,,False,,,,2.8,2.41,3.45,3.01,64.0,64.7
2024,1,GIFT_LARGE,40566573.0,136.9,70.0,51.9,5000.0,,3.45,107.9,68.9,1.55,1.55,2.41,3.69,0.265,28.85,473000,64.0,False,,False,,,,2.8,2.41,3.45,3.01,64.0,64.7
2024,1,GIFT_LOW,4962118.0,60.7,8.6,14.3,0.0,900.0,3.45,107.9,68.9,1.55,1.55,2.41,3.69,0.265,28.85,473000,64.0,False,,False,,,,2.8,2.41,3.45,3.01,64.0,64.7
2024,2,GIFT_COMBINED,14324016.0,,44.7,25.3,,,3.65,108.3,70.7,1.9,1.9,2.48,3.72,0.267,29.1,476000,67.0,True,,False,,,,2.7,2.48,3.65,3.16,67.0,66.9
2024,2,GIFT_HIGH,7372233.0,433.3,23.0,11.5,900.0,5000.0,3.65,108.3,70.7,1.9,1.9,2.48,3.72,0.267,29.1,476000,67.0,True,,False,,,,2.7,2.48,3.65,3.16,67.0,66.9
2024,2,GIFT_LARGE,10982801.0,236.8,34.3,31.3,5000.0,,3.65,108.3,70.7,1.9,1.9,2.48,3.72,0.267,29.1,476000,67.0,True,,False,,,,2.7,2.48,3.65,3.16,67.0,66.9
2024,2,GIFT_LOW,6951783.0,341.3,21.7,13.8,0.0,900.0,3.65,108.3,70.7,1.9,1.9,2.48,3.72,0.267,29.1,476000,67.0,True,,False,,,,2.7,2.48,3.65,3.16,67.0,66.9
2024,3,GIFT_COMBINED,3951852.0,,25.2,23.9,,,3.85,108.7,72.5,2.25,2.25,2.34,3.75,0.269,28.6,479000,70.0,False,,False,,,,2.8,2.34,3.85,3.31,70.0,69.1
2024,3,GIFT_HIGH,1332533.0,104.0,8.5,9.0,900.0,5000.0,3.85,108.7,72.5,2.25,2.25,2.34,3.75,0.269,28.6,479000,70.0,False,,False,,,,2.8,2.34,3.85,3.31,70.0,69.1
2024,3,GIFT_LARGE,6005645.0,137.5,38.4,30.6,5000.0,,3.85,108.7,72.5,2.25,2.25,2.34,3.75,0.269,28.6,479000,70.0,False,,False,,,,2.8,2.34,3.85,3.31,70.0,69.1
2024,3,GIFT_LOW,2619319.0,123.1,16.7,14.9,0.0,900.0,3.85,108.7,72.5,2.25,2.25,2.34,3.75,0.269,28.6,479000,70.0,False,,False,,,,2.8,2.34,3.85,3.31,70.0,69.1
2024,4,GIFT_COMBINED,3542282.0,,20.0,16.8,,,3.25,109.1,74.3,2.6,2.6,2.41,3.66,0.263,28.85,482000,73.0,False,,False,,,,2.7,2.41,3.25,3.46,73.0,71.3
2024,4,GIFT_HIGH,1066139.0,92.3,6.0,6.3,900.0,5000.0,3.25,109.1,74.3,2.6,2.6,2.41,3.66,0.263,28.85,482000,73.0,False,,False,,,,2.7,2.41,3.25,3.46,73.0,71.3
2024,4,GIFT_LARGE,7930966.0,98.9,45.0,43.6,5000.0,,3.25,109.1,74.3,2.6,2.6,2.41,3.66,0.263,28.85,482000,73.0,False,,False,,,,2.7,2.41,3.25,3.46,73.0,71.3
2024,4,GIFT_LOW,2476143.0,127.8,14.0,10.5,0.0,900.0,3.25,109.1,74.3,2.6,2.6,2.41,3.66,0.263,28.85,482000,73.0,False,,False,,,,2.7,2.41,3.25,3.46,73.0,71.3
2024,5,GIFT_COMBINED,4964799.0,,27.9,23.7,,,3.45,109.5,76.1,1.2,1.2,2.48,3.69,0.265,29.1,485000,76.0,False,,False,,,,2.8,2.48,3.45,2.86,76.0,73.5
2024,5,GIFT_HIGH,1535446.0,105.7,8.6,8.8,900.0,5000.0,3.45,109.5,76.1,1.2,1.2,2.48,3.69,0.265,29.1,485000,76.0,False,,False,,,,2.8,2.48,3.45,2.86,76.0,73.5
2024,5,GIFT_LARGE,6778895.0,119.1,38.1,34.4,5000.0,,3.45,109.5,76.1,1.2,1.2,2.48,3.69,0.265,29.1,485000,76.0,False,,False,,,,2.8,2.48,3.45,2.86,76.0,73.5
2024,5,GIFT_LOW,3429353.0,139.2,19.3,14.9,0.0,900.0,3.45,109.5,76.1,1.2,1.2,2.48,3.69,0.265,29.1,485000,76.0,False,,False,,,,2.8,2.48,3.45,2.86,76.0,73.5
2024,6,GIFT_COMBINED,6216840.0,,26.4,29.2,,,3.65,109.9,67.1,1.55,1.55,2.34,3.72,0.267,28.6,488000,61.0,False,,False,,,,2.7,2.34,3.65,3.01,61.0,75.7
2024,6,GIFT_HIGH,1899589.0,88.5,8.1,10.5,900.0,5000.0,3.65,109.9,67.1,1.55,1.55,2.34,3.72,0.267,28.6,488000,61.0,False,,False,,,,2.7,2.34,3.65,3.01,61.0,75.7
2024,6,GIFT_LARGE,11073784.0,144.8,47.0,37.3,5000.0,,3.65,109.9,67.1,1.55,1.55,2.34,3.72,0.267,28.6,488000,61.0,False,,False,,,,2.7,2.34,3.65,3.01,61.0,75.7
2024,6,GIFT_LOW,4317251.0,112.8,18.3,18.7,0.0,900.0,3.65,109.9,67.1,1.55,1.55,2.34,3.72,0.267,28.6,488000,61.0,False,,False,,,,2.7,2.34,3.65,3.01,61.0,75.7
2024,7,GIFT_COMBINED,5486677.0,,24.0,25.4,,,3.85,110.3,68.9,1.9,1.9,2.41,3.75,0.269,28.85,491000,64.0,False,,False,,,,2.8,2.41,3.85,3.16,64.0,62.5
2024,7,GIFT_HIGH,2469989.0,138.7,10.8,9.9,900.0,5000.0,3.85,110.3,68.9,1.9,1.9,2.41,3.75,0.269,28.85,491000,64.0,False,,False,,,,2.8,2.41,3.85,3.16,64.0,62.5
2024,7,GIFT_LARGE,11776669.0,167.2,51.5,39.1,5000.0,,3.85,110.3,68.9,1.9,1.9,2.41,3.75,0.269,28.85,491000,64.0,False,,False,,,,2.8,2.41,3.85,3.16,64.0,62.5
2024,7,GIFT_LOW,3016688.0,108.2,13.2,15.5,0.0,900.0,3.85,110.3,68.9,1.9,1.9,2.41,3.75,0.269,28.85,491000,64.0,False,,False,,,,2.8,2.41,3.85,3.16,64.0,62.5
2024,8,GIFT_COMBINED,7355610.0,,15.5,19.7,,,3.25,110.7,70.7,2.25,2.25,2.48,3.66,0.263,29.1,494000,67.0,False,,False,,,,2.7,2.48,3.25,3.31,67.0,64.7
2024,8,GIFT_HIGH,4226823.0,172.1,8.9,9.3,900.0,5000.0,3.25,110.7,70.7,2.25,2.25,2.48,3.66,0.263,29.1,494000,67.0,False,,False,,,,2.7,2.48,3.25,3.31,67.0,64.7
2024,8,GIFT_LARGE,34286362.0,240.4,72.1,54.0,5000.0,,3.25,110.7,70.7,2.25,2.25,2.48,3.66,0.263,29.1,494000,67.0,False,,False,,,,2.7,2.48,3.25,3.31,67.0,64.7
2024,8,GIFT_LOW,3128787.0,113.7,6.6,10.4,0.0,900.0,3.25,110.7,70.7,2.25,2.25,2.48,3.66,0.263,29.1,494000,67.0,False,,False,,,,2.7,2.48,3.25,3.31,67.0,64.7
2024,9,GIFT_COMBINED,14510837.0,,25.1,25.1,,,3.45,111.1,72.5,2.6,2.6,2.34,3.69,0.265,28.6,497000,70.0,False,,True,,,,2.8,2.34,3.45,3.46,70.0,66.9
2024,9,GIFT_HIGH,7697654.0,93.7,13.3,13.2,900.0,5000.0,3.45,111.1,72.5,2.6,2.6,2.34,3.69,0.265,28.6,497000,70.0,False,,True,,,,2.8,2.34,3.45,3.46,70.0,66.9
2024,9,GIFT_LARGE,37881284.0,95.2,65.6,64.2,5000.0,,3.45,111.1,72.5,2.6,2.6,2.34,3.69,0.265,28.6,497000,70.0,False,,True,,,,2.8,2.34,3.45,3.46,70.0,66.9
2024,9,GIFT_LOW,6813183.0,92.5,11.8,11.9,0.0,900.0,3.45,111.1,72.5,2.6,2.6,2.34,3.69,0.265,28.6,497000,70.0,False,,True,,,,2.8,2.34,3.45,3.46,70.0,66.9
2024,10,GIFT_COMBINED,4238178.0,,18.0,20.5,,,3.65,111.5,74.3,1.2,1.2,2.41,3.72,0.267,28.85,500000,73.0,False,,False,,,,2.7,2.41,3.65,2.86,73.0,69.1
2024,10,GIFT_HIGH,1029066.0,64.3,4.4,7.1,900.0,5000.0,3.65,111.5,74.3,1.2,1.2,2.41,3.72,0.267,28.85,500000,73.0,False,,False,,,,2.7,2.41,3.65,2.86,73.0,69.1
2024,10,GIFT_LARGE,13896354.0,120.5,59.0,51.1,5000.0,,3.65,111.5,74.3,1.2,1.2,2.41,3.72,0.267,28.85,500000,73.0,False,,False,,,,2.7,2.41,3.65,2.86,73.0,69.1
2024,10,GIFT_LOW,3209112.0,105.9,13.6,13.4,0.0,900.0,3.65,111.5,74.3,1.2,1.2,2.41,3.72,0.267,28.85,500000,73.0,False,,False,,,,2.7,2.41,3.65,2.86,73.0,69.1
2024,11,GIFT_COMBINED,5809918.0,,20.7,18.2,,,3.85,111.9,76.1,1.55,1.55,2.48,3.75,0.269,29.1,503000,76.0,False,,False,,,,2.8,2.48,3.85,3.01,76.0,71.3
2024,11,GIFT_HIGH,2467814.0,110.9,8.8,7.7,900.0,5000.0,3.85,111.9,76.1,1.55,1.55,2.48,3.75,0.269,29.1,503000,76.0,False,,False,,,,2.8,2.48,3.85,3.01,76.0,71.3
2024,11,GIFT_LARGE,16347486.0,95.7,58.1,59.2,5000.0,,3.85,111.9,76.1,1.55,1.55,2.48,3.75,0.269,29.1,503000,76.0,False,,False,,,,2.8,2.48,3.85,3.01,76.0,71.3
2024,11,GIFT_LOW,3342104.0,110.0,11.9,10.5,0.0,900.0,3.85,111.9,76.1,1.55,1.55,2.48,3.75,0.269,29.1,503000,76.0,False,,False,,,,2.8,2.48,3.85,3.01,76.0,71.3
2024,12,GIFT_COMBINED,10596148.0,,27.3,27.0,,,3.25,112.3,67.1,1.9,1.9,2.34,3.66,0.263,28.6,506000,61.0,False,,False,,,,2.7,2.34,3.25,3.16,61.0,73.5
2024,12,GIFT_HIGH,4546666.0,117.7,11.7,11.7,900.0,5000.0,3.25,112.3,67.1,1.9,1.9,2.34,3.66,0.263,28.6,506000,61.0,False,,False,,,,2.7,2.34,3.25,3.16,61.0,73.5
2024,12,GIFT_LARGE,22339399.0,133.6,57.5,50.6,5000.0,,3.25,112.3,67.1,1.9,1.9,2.34,3.66,0.263,28.6,506000,61.0,False,,False,,,,2.7,2.34,3.25,3.16,61.0,73.5
2024,12,GIFT_LOW,6049482.0,119.8,15.6,15.3,0.0,900.0,3.25,112.3,67.1,1.9,1.9,2.34,3.66,0.263,28.6,506000,61.0,False,,False,,,,2.7,2.34,3.25,3.16,61.0,73.5
2025,1,GIFT_COMBINED,12331184.0,,29.3,16.0,,,3.7,110.4,69.6,1.55,1.55,2.59,3.61,0.266,29.05,623000,66.0,True,,False,,,,3.0,2.59,3.7,3.23,66.0,66.2
2025,1,GIFT_HIGH,7169559.0,270.2,17.0,8.6,900.0,5000.0,3.7,110.4,69.6,1.55,1.55,2.59,3.61,0.266,29.05,623000,66.0,True,,False,,,,3.0,2.59,3.7,3.23,66.0,66.2
2025,1,GIFT_LARGE,26590768.0,119.9,63.2,72.1,5000.0,,3.7,110.4,69.6,1.55,1.55,2.59,3.61,0.266,29.05,623000,66.0,True,,False,,,,3.0,2.59,3.7,3.23,66.0,66.2
2025,1,GIFT_LOW,5161625.0,225.9,12.3,7.4,0.0,900.0,3.7,110.4,69.6,1.55,1.55,2.59,3.61,0.266,29.05,623000,66.0,True,,False,,,,3.0,2.59,3.7,3.23,66.0,66.2
2025,2,GIFT_COMBINED,5052728.0,,31.0,44.7,,,3.9,110.8,71.4,1.9,1.9,2.66,3.64,0.268,29.3,626000,69.0,False,,False,,,,2.9,2.66,3.9,3.38,69.0,68.4
2025,2,GIFT_HIGH,1981910.0,26.9,12.2,23.0,900.0,5000.0,3.9,110.8,71.4,1.9,1.9,2.66,3.64,0.268,29.3,626000,69.0,False,,False,,,,2.9,2.66,3.9,3.38,69.0,68.4
2025,2,GIFT_LARGE,7134741.0,65.0,43.8,34.3,5000.0,,3.9,110.8,71.4,1.9,1.9,2.66,3.64,0.268,29.3,626000,69.0,False,,False,,,,2.9,2.66,3.9,3.38,69.0,68.4
2025,2,GIFT_LOW,3070818.0,44.2,18.8,21.7,0.0,900.0,3.9,110.8,71.4,1.9,1.9,2.66,3.64,0.268,29.3,626000,69.0,False,,False,,,,2.9,2.66,3.9,3.38,69.0,68.4
2025,3,GIFT_COMBINED,3981934.0,,29.6,25.2,,,4.1,111.2,73.2,2.25,2.25,2.52,3.67,0.27,28.8,629000,72.0,False,,False,,,,3.0,2.52,4.1,3.53,72.0,70.6
2025,3,GIFT_HIGH,1126690.0,84.6,8.4,8.5,900.0,5000.0,4.1,111.2,73.2,2.25,2.25,2.52,3.67,0.27,28.8,629000,72.0,False,,False,,,,3.0,2.52,4.1,3.53,72.0,70.6
2025,3,GIFT_LARGE,5287241.0,88.0,39.3,38.4,5000.0,,4.1,111.2,73.2,2.25,2.25,2.52,3.67,0.27,28.8,629000,72.0,False,,False,,,,3.0,2.52,4.1,3.53,72.0,70.6
2025,3,GIFT_LOW,2855244.0,109.0,21.2,16.7,0.0,900.0,4.1,111.2,73.2,2.25,2.25,2.52,3.67,0.27,28.8,629000,72.0,False,,False,,,,3.0,2.52,4.1,3.53,72.0,70.6
2025,4,GIFT_COMBINED,4016909.0,,14.7,20.0,,,3.5,111.6,75.0,2.6,2.6,2.59,3.58,0.264,29.05,632000,75.0,False,,False,,,,2.9,2.59,3.5,3.68,75.0,72.8
2025,4,GIFT_HIGH,918692.0,86.2,3.4,6.0,900.0,5000.0,3.5,111.6,75.0,2.6,2.6,2.59,3.58,0.264,29.05,632000,75.0,False,,False,,,,2.9,2.59,3.5,3.68,75.0,72.8
2025,4,GIFT_LARGE,19262775.0,242.9,70.4,45.0,5000.0,,3.5,111.6,75.0,2.6,2.6,2.59,3.58,0.264,29.05,632000,75.0,False,,False,,,,2.9,2.59,3.5,3.68,75.0,72.8
2025,4,GIFT_LOW,3098217.0,125.6,11.3,14.0,0.0,900.0,3.5,111.6,75.0,2.6,2.6,2.59,3.58,0.264,29.05,632000,75.0,False,,False,,,,2.9,2.59,3.5,3.68,75.0,72.8
2025,5,GIFT_COMBINED,6484728.0,,20.0,27.9,,,3.7,112.0,76.8,1.2,1.2,2.66,3.61,0.266,29.3,635000,78.0,False,,False,,,,3.0,2.66,3.7,3.08,78.0,75.0
2025,5,GIFT_HIGH,1426914.0,92.9,4.4,8.6,900.0,5000.0,3.7,112.0,76.8,1.2,1.2,2.66,3.61,0.266,29.3,635000,78.0,False,,False,,,,3.0,2.66,3.7,3.08,78.0,75.0
2025,5,GIFT_LARGE,21797191.0,321.5,67.1,38.1,5000.0,,3.7,112.0,76.8,1.2,1.2,2.66,3.61,0.266,29.3,635000,78.0,False,,False,,,,3.0,2.66,3.7,3.08,78.0,75.0
2025,5,GIFT_LOW,5057814.0,147.5,15.6,19.3,0.0,900.0,3.7,112.0,76.8,1.2,1.2,2.66,3.61,0.266,29.3,635000,78.0,False,,False,,,,3.0,2.66,3.7,3.08,78.0,75.0
2025,6,GIFT_COMBINED,5309758.0,,27.7,26.4,,,3.9,112.4,67.8,1.55,1.55,2.52,3.64,0.268,28.8,638000,63.0,False,,False,,,,2.9,2.52,3.9,3.23,63.0,77.2
2025,6,GIFT_HIGH,1305166.0,68.7,6.8,8.1,900.0,5000.0,3.9,112.4,67.8,1.55,1.55,2.52,3.64,0.268,28.8,638000,63.0,False,,False,,,,2.9,2.52,3.9,3.23,63.0,77.2
2025,6,GIFT_LARGE,9508078.0,85.9,49.5,47.0,5000.0,,3.9,112.4,67.8,1.55,1.55,2.52,3.64,0.268,28.8,638000,63.0,False,,False,,,,2.9,2.52,3.9,3.23,63.0,77.2
2025,6,GIFT_LOW,4004592.0,92.7,20.9,18.3,0.0,900.0,3.9,112.4,67.8,1.55,1.55,2.52,3.64,0.268,28.8,638000,63.0,False,,False,,,,2.9,2.52,3.9,3.23,63.0,77.2
2025,7,GIFT_COMBINED,4939335.0,,21.5,24.0,,,4.1,112.8,69.6,1.9,1.9,2.59,3.67,0.27,29.05,641000,66.0,False,,False,,,,3.0,2.59,4.1,3.38,66.0,64.0
2025,7,GIFT_HIGH,1651086.0,66.8,7.2,10.8,900.0,5000.0,4.1,112.8,69.6,1.9,1.9,2.59,3.67,0.27,29.05,641000,66.0,False,,False,,,,3.0,2.59,4.1,3.38,66.0,64.0
2025,7,GIFT_LARGE,13623918.0,115.7,59.2,51.5,5000.0,,4.1,112.8,69.6,1.9,1.9,2.59,3.67,0.27,29.05,641000,66.0,False,,False,,,,3.0,2.59,4.1,3.38,66.0,64.0
2025,7,GIFT_LOW,3288249.0,109.0,14.3,13.2,0.0,900.0,4.1,112.8,69.6,1.9,1.9,2.59,3.67,0.27,29.05,641000,66.0,False,,False,,,,3.0,2.59,4.1,3.38,66.0,64.0
2025,8,GIFT_COMBINED,5647870.0,,17.9,15.5,,,3.5,113.2,71.4,2.25,2.25,2.66,3.58,0.264,29.3,644000,69.0,False,,False,,,,2.9,2.66,3.5,3.53,69.0,66.2
2025,8,GIFT_HIGH,2367411.0,56.0,7.5,8.9,900.0,5000.0,3.5,113.2,71.4,2.25,2.25,2.66,3.58,0.264,29.3,644000,69.0,False,,False,,,,2.9,2.66,3.5,3.53,69.0,66.2
2025,8,GIFT_LARGE,20894667.0,60.9,66.4,72.1,5000.0,,3.5,113.2,71.4,2.25,2.25,2.66,3.58,0.264,29.3,644000,69.0,False,,False,,,,2.9,2.66,3.5,3.53,69.0,66.2
2025,8,GIFT_LOW,3280459.0,104.9,10.4,6.6,0.0,900.0,3.5,113.2,71.4,2.25,2.25,2.66,3.58,0.264,29.3,644000,69.0,False,,False,,,,2.9,2.66,3.5,3.53,69.0,66.2
2025,9,GIFT_COMBINED,13612706.0,,17.8,25.1,,,3.7,113.6,73.2,2.6,2.6,2.52,3.61,0.266,28.8,647000,72.0,False,,False,,,,3.0,2.52,3.7,3.68,72.0,68.4
2025,9,GIFT_HIGH,6798993.0,88.3,8.9,13.3,900.0,5000.0,3.7,113.6,73.2,2.6,2.6,2.52,3.61,0.266,28.8,647000,72.0,False,,False,,,,3.0,2.52,3.7,3.68,72.0,68.4
2025,9,GIFT_LARGE,57347550.0,151.4,75.2,65.6,5000.0,,3.7,113.6,73.2,2.6,2.6,2.52,3.61,0.266,28.8,647000,72.0,False,,False,,,,3.0,2.52,3.7,3.68,72.0,68.4
2025,9,GIFT_LOW,6813713.0,100.0,8.9,11.8,0.0,900.0,3.7,113.6,73.2,2.6,2.6,2.52,3.61,0.266,28.8,647000,72.0,False,,False,,,,3.0,2.52,3.7,3.68,72.0,68.4
2025,10,GIFT_COMBINED,8217795.0,,29.8,18.0,,,3.9,114.0,75.0,1.2,1.2,2.59,3.64,0.268,29.05,650000,75.0,False,,True,,,,2.9,2.59,3.9,3.08,75.0,70.6
2025,10,GIFT_HIGH,3719458.0,361.4,13.5,4.4,900.0,5000.0,3.9,114.0,75.0,1.2,1.2,2.59,3.64,0.268,29.05,650000,75.0,False,,True,,,,2.9,2.59,3.9,3.08,75.0,70.6
2025,10,GIFT_LARGE,13675807.0,98.4,49.5,59.0,5000.0,,3.9,114.0,75.0,1.2,1.2,2.59,3.64,0.268,29.05,650000,75.0,False,,True,,,,2.9,2.59,3.9,3.08,75.0,70.6
2025,10,GIFT_LOW,4498337.0,140.2,16.3,13.6,0.0,900.0,3.9,114.0,75.0,1.2,1.2,2.59,3.64,0.268,29.05,650000,75.0,False,,True,,,,2.9,2.59,3.9,3.08,75.0,70.6
2025,11,GIFT_COMBINED,5516944.0,,19.8,20.7,,,4.1,114.4,76.8,1.55,1.55,2.66,3.67,0.27,29.3,653000,78.0,False,,False,,,,3.0,2.66,4.1,3.23,78.0,72.8
2025,11,GIFT_HIGH,2058437.0,84.1,7.4,8.7,900.0,5000.0,4.1,114.4,76.8,1.55,1.55,2.66,3.67,0.27,29.3,653000,78.0,False,,False,,,,3.0,2.66,4.1,3.23,78.0,72.8
2025,11,GIFT_LARGE,15884636.0,97.2,56.9,58.1,5000.0,,4.1,114.4,76.8,1.55,1.55,2.66,3.67,0.27,29.3,653000,78.0,False,,False,,,,3.0,2.66,4.1,3.23,78.0,72.8
2025,11,GIFT_LOW,3458507.0,102.8,12.4,12.0,0.0,900.0,4.1,114.4,76.8,1.55,1.55,2.66,3.67,0.27,29.3,653000,78.0,False,,False,,,,3.0,2.66,4.1,3.23,78.0,72.8
2025,12,GIFT_COMBINED,9212613.0,,23.1,27.3,,,3.5,114.8,67.8,1.9,1.9,2.52,3.58,0.264,28.8,656000,63.0,False,,False,,,,2.9,2.52,3.5,3.38,63.0,75.0
2025,12,GIFT_HIGH,3752286.0,82.5,9.4,11.7,900.0,5000.0,3.5,114.8,67.8,1.9,1.9,2.52,3.58,0.264,28.8,656000,63.0,False,,False,,,,2.9,2.52,3.5,3.38,63.0,75.0
2025,12,GIFT_LARGE,24254096.0,108.6,60.7,57.5,5000.0,,3.5,114.8,67.8,1.9,1.9,2.52,3.58,0.264,28.8,656000,63.0,False,,False,,,,2.9,2.52,3.5,3.38,63.0,75.0
2025,12,GIFT_LOW,5460327.0,90.3,13.7,15.6,0.0,900.0,3.5,114.8,67.8,1.9,1.9,2.52,3.58,0.264,28.8,656000,63.0,False,,False,,,,2.9,2.52,3.5,3.38,63.0,75.0
